{
	"start": {
		"connected": [
			{
				"socket": 5,
				"local_host": "10.20.0.1",
				"local_port": 43169,
				"remote_host": "10.20.0.2",
				"remote_port": 5201
			}
		],
		"version": "iperf 3.11",
		"system_info": "Linux fedora 6.0.7-301.fc37.x86_64 #1 SMP PREEMPT_DYNAMIC Fri Nov 4 18:35:48 UTC 2022 x86_64",
		"timestamp": {
			"time": "Sun, 04 Jun 2023 15:59:38 GMT",
			"timesecs": 1685894378
		},
		"connecting_to": {
			"host": "10.20.0.2",
			"port": 5201
		},
		"cookie": "z7fq463e6szcbj4aub5iou42klkmv4tybzuy",
		"target_bitrate": 1048576,
		"sock_bufsize": 0,
		"sndbuf_actual": 212992,
		"rcvbuf_actual": 212992,
		"test_start": {
			"protocol": "UDP",
			"num_streams": 1,
			"blksize": 1420,
			"omit": 0,
			"duration": 10,
			"bytes": 0,
			"blocks": 0,
			"reverse": 0,
			"tos": 0,
			"target_bitrate": 1048576
		}
	},
	"intervals": [
		{
			"streams": [
				{
					"socket": 5,
					"start": 0,
					"end": 1.000575,
					"seconds": 1.0005749464035034,
					"bytes": 132060,
					"bits_per_second": 1055872.9296565372,
					"packets": 93,
					"omitted": false,
					"sender": true
				}
			],
			"sum": {
				"start": 0,
				"end": 1.000575,
				"seconds": 1.0005749464035034,
				"bytes": 132060,
				"bits_per_second": 1055872.9296565372,
				"packets": 93,
				"omitted": false,
				"sender": true
			}
		},
		{
			"streams": [
				{
					"socket": 5,
					"start": 1.000575,
					"end": 2.000534,
					"seconds": 0.99995899200439453,
					"bytes": 130640,
					"bits_per_second": 1045162.8600339713,
					"packets": 92,
					"omitted": false,
					"sender": true
				}
			],
			"sum": {
				"start": 1.000575,
				"end": 2.000534,
				"seconds": 0.99995899200439453,
				"bytes": 130640,
				"bits_per_second": 1045162.8600339713,
				"packets": 92,
				"omitted": false,
				"sender": true
			}
		},
		{
			"streams": [
				{
					"socket": 5,
					"start": 2.000534,
					"end": 3.000577,
					"seconds": 1.0000430345535278,
					"bytes": 130640,
					"bits_per_second": 1045075.0256628675,
					"packets": 92,
					"omitted": false,
					"sender": true
				}
			],
			"sum": {
				"start": 2.000534,
				"end": 3.000577,
				"seconds": 1.0000430345535278,
				"bytes": 130640,
				"bits_per_second": 1045075.0256628675,
				"packets": 92,
				"omitted": false,
				"sender": true
			}
		},
		{
			"streams": [
				{
					"socket": 5,
					"start": 3.000577,
					"end": 4.000445,
					"seconds": 0.99986797571182251,
					"bytes": 132060,
					"bits_per_second": 1056619.4994372877,
					"packets": 93,
					"omitted": false,
					"sender": true
				}
			],
			"sum": {
				"start": 3.000577,
				"end": 4.000445,
				"seconds": 0.99986797571182251,
				"bytes": 132060,
				"bits_per_second": 1056619.4994372877,
				"packets": 93,
				"omitted": false,
				"sender": true
			}
		},
		{
			"streams": [
				{
					"socket": 5,
					"start": 4.000445,
					"end": 5.000088,
					"seconds": 0.99964302778244019,
					"bytes": 130640,
					"bits_per_second": 1045493.2120303422,
					"packets": 92,
					"omitted": false,
					"sender": true
				}
			],
			"sum": {
				"start": 4.000445,
				"end": 5.000088,
				"seconds": 0.99964302778244019,
				"bytes": 130640,
				"bits_per_second": 1045493.2120303422,
				"packets": 92,
				"omitted": false,
				"sender": true
			}
		},
		{
			"streams": [
				{
					"socket": 5,
					"start": 5.000088,
					"end": 6.000453,
					"seconds": 1.0003650188446045,
					"bytes": 130640,
					"bits_per_second": 1044738.6507048061,
					"packets": 92,
					"omitted": false,
					"sender": true
				}
			],
			"sum": {
				"start": 5.000088,
				"end": 6.000453,
				"seconds": 1.0003650188446045,
				"bytes": 130640,
				"bits_per_second": 1044738.6507048061,
				"packets": 92,
				"omitted": false,
				"sender": true
			}
		},
		{
			"streams": [
				{
					"socket": 5,
					"start": 6.000453,
					"end": 7.000025,
					"seconds": 0.999571979045868,
					"bytes": 130640,
					"bits_per_second": 1045567.5248095786,
					"packets": 92,
					"omitted": false,
					"sender": true
				}
			],
			"sum": {
				"start": 6.000453,
				"end": 7.000025,
				"seconds": 0.999571979045868,
				"bytes": 130640,
				"bits_per_second": 1045567.5248095786,
				"packets": 92,
				"omitted": false,
				"sender": true
			}
		},
		{
			"streams": [
				{
					"socket": 5,
					"start": 7.000025,
					"end": 8.00015,
					"seconds": 1.0001250505447388,
					"bytes": 132060,
					"bits_per_second": 1056347.9031192812,
					"packets": 93,
					"omitted": false,
					"sender": true
				}
			],
			"sum": {
				"start": 7.000025,
				"end": 8.00015,
				"seconds": 1.0001250505447388,
				"bytes": 132060,
				"bits_per_second": 1056347.9031192812,
				"packets": 93,
				"omitted": false,
				"sender": true
			}
		},
		{
			"streams": [
				{
					"socket": 5,
					"start": 8.00015,
					"end": 9.000218,
					"seconds": 1.0000679492950439,
					"bytes": 130640,
					"bits_per_second": 1045048.9896578663,
					"packets": 92,
					"omitted": false,
					"sender": true
				}
			],
			"sum": {
				"start": 8.00015,
				"end": 9.000218,
				"seconds": 1.0000679492950439,
				"bytes": 130640,
				"bits_per_second": 1045048.9896578663,
				"packets": 92,
				"omitted": false,
				"sender": true
			}
		},
		{
			"streams": [
				{
					"socket": 5,
					"start": 9.000218,
					"end": 10.000127,
					"seconds": 0.999908983707428,
					"bytes": 130640,
					"bits_per_second": 1045215.131606219,
					"packets": 92,
					"omitted": false,
					"sender": true
				}
			],
			"sum": {
				"start": 9.000218,
				"end": 10.000127,
				"seconds": 0.999908983707428,
				"bytes": 130640,
				"bits_per_second": 1045215.131606219,
				"packets": 92,
				"omitted": false,
				"sender": true
			}
		}
	],
	"end": {
		"streams": [
			{
				"udp": {
					"socket": 5,
					"start": 0,
					"end": 10.000127,
					"seconds": 10.000127,
					"bytes": 1310660,
					"bits_per_second": 1048514.6838635148,
					"jitter_ms": 0.3353241529761995,
					"lost_packets": 0,
					"packets": 923,
					"lost_percent": 0,
					"out_of_order": 0,
					"sender": true
				}
			}
		],
		"sum": {
			"start": 0,
			"end": 10.007505,
			"seconds": 10.007505,
			"bytes": 1310660,
			"bits_per_second": 1048514.6838635148,
			"jitter_ms": 0.3353241529761995,
			"lost_packets": 0,
			"packets": 923,
			"lost_percent": 0,
			"sender": true
		},
		"sum_sent": {
			"start": 0,
			"end": 10.000127,
			"seconds": 10.000127,
			"bytes": 1310660,
			"bits_per_second": 1048514.6838635148,
			"jitter_ms": 0,
			"lost_packets": 0,
			"packets": 923,
			"lost_percent": 0,
			"sender": true
		},
		"sum_received": {
			"start": 0,
			"end": 10.007505,
			"seconds": 10.007505,
			"bytes": 1310660,
			"bits_per_second": 1047741.6698767574,
			"jitter_ms": 0.3353241529761995,
			"lost_packets": 0,
			"packets": 923,
			"lost_percent": 0,
			"sender": false
		},
		"cpu_utilization_percent": {
			"host_total": 1.1590656947751143,
			"host_user": 0.31005430933927475,
			"host_system": 0.848991451379691,
			"remote_total": 0.20504586702175973,
			"remote_user": 0.0236022581825242,
			"remote_system": 0.18145360132788182
		}
	}
}
