{
	"start": {
		"connected": [
			{
				"socket": 5,
				"local_host": "10.20.0.1",
				"local_port": 49770,
				"remote_host": "10.20.0.2",
				"remote_port": 5201
			}
		],
		"version": "iperf 3.11",
		"system_info": "Linux fedora 6.0.7-301.fc37.x86_64 #1 SMP PREEMPT_DYNAMIC Fri Nov 4 18:35:48 UTC 2022 x86_64",
		"timestamp": {
			"time": "Sun, 04 Jun 2023 16:01:59 GMT",
			"timesecs": 1685894519
		},
		"connecting_to": {
			"host": "10.20.0.2",
			"port": 5201
		},
		"cookie": "5tt4rllc27i333nw7qsm5v7n4yv44lcw224z",
		"target_bitrate": 1048576,
		"sock_bufsize": 0,
		"sndbuf_actual": 212992,
		"rcvbuf_actual": 212992,
		"test_start": {
			"protocol": "UDP",
			"num_streams": 1,
			"blksize": 1420,
			"omit": 0,
			"duration": 10,
			"bytes": 0,
			"blocks": 0,
			"reverse": 0,
			"tos": 0,
			"target_bitrate": 1048576
		}
	},
	"intervals": [
		{
			"streams": [
				{
					"socket": 5,
					"start": 0,
					"end": 1.000045,
					"seconds": 1.0000449419021606,
					"bytes": 132060,
					"bits_per_second": 1056432.5219129608,
					"packets": 93,
					"omitted": false,
					"sender": true
				}
			],
			"sum": {
				"start": 0,
				"end": 1.000045,
				"seconds": 1.0000449419021606,
				"bytes": 132060,
				"bits_per_second": 1056432.5219129608,
				"packets": 93,
				"omitted": false,
				"sender": true
			}
		},
		{
			"streams": [
				{
					"socket": 5,
					"start": 1.000045,
					"end": 2.000338,
					"seconds": 1.0002930164337158,
					"bytes": 130640,
					"bits_per_second": 1044813.8523710814,
					"packets": 92,
					"omitted": false,
					"sender": true
				}
			],
			"sum": {
				"start": 1.000045,
				"end": 2.000338,
				"seconds": 1.0002930164337158,
				"bytes": 130640,
				"bits_per_second": 1044813.8523710814,
				"packets": 92,
				"omitted": false,
				"sender": true
			}
		},
		{
			"streams": [
				{
					"socket": 5,
					"start": 2.000338,
					"end": 3.000416,
					"seconds": 1.0000779628753662,
					"bytes": 130640,
					"bits_per_second": 1045038.5257916608,
					"packets": 92,
					"omitted": false,
					"sender": true
				}
			],
			"sum": {
				"start": 2.000338,
				"end": 3.000416,
				"seconds": 1.0000779628753662,
				"bytes": 130640,
				"bits_per_second": 1045038.5257916608,
				"packets": 92,
				"omitted": false,
				"sender": true
			}
		},
		{
			"streams": [
				{
					"socket": 5,
					"start": 3.000416,
					"end": 4.000258,
					"seconds": 0.99984198808670044,
					"bytes": 132060,
					"bits_per_second": 1056646.9628082756,
					"packets": 93,
					"omitted": false,
					"sender": true
				}
			],
			"sum": {
				"start": 3.000416,
				"end": 4.000258,
				"seconds": 0.99984198808670044,
				"bytes": 132060,
				"bits_per_second": 1056646.9628082756,
				"packets": 93,
				"omitted": false,
				"sender": true
			}
		},
		{
			"streams": [
				{
					"socket": 5,
					"start": 4.000258,
					"end": 5.000339,
					"seconds": 1.000080943107605,
					"bytes": 130640,
					"bits_per_second": 1045035.411586229,
					"packets": 92,
					"omitted": false,
					"sender": true
				}
			],
			"sum": {
				"start": 4.000258,
				"end": 5.000339,
				"seconds": 1.000080943107605,
				"bytes": 130640,
				"bits_per_second": 1045035.411586229,
				"packets": 92,
				"omitted": false,
				"sender": true
			}
		},
		{
			"streams": [
				{
					"socket": 5,
					"start": 5.000339,
					"end": 6.00045,
					"seconds": 1.0001109838485718,
					"bytes": 130640,
					"bits_per_second": 1045004.0214319285,
					"packets": 92,
					"omitted": false,
					"sender": true
				}
			],
			"sum": {
				"start": 5.000339,
				"end": 6.00045,
				"seconds": 1.0001109838485718,
				"bytes": 130640,
				"bits_per_second": 1045004.0214319285,
				"packets": 92,
				"omitted": false,
				"sender": true
			}
		},
		{
			"streams": [
				{
					"socket": 5,
					"start": 6.00045,
					"end": 7.000144,
					"seconds": 0.999693989753723,
					"bytes": 132060,
					"bits_per_second": 1056803.3926664561,
					"packets": 93,
					"omitted": false,
					"sender": true
				}
			],
			"sum": {
				"start": 6.00045,
				"end": 7.000144,
				"seconds": 0.999693989753723,
				"bytes": 132060,
				"bits_per_second": 1056803.3926664561,
				"packets": 93,
				"omitted": false,
				"sender": true
			}
		},
		{
			"streams": [
				{
					"socket": 5,
					"start": 7.000144,
					"end": 8.000517,
					"seconds": 1.0003730058670044,
					"bytes": 130640,
					"bits_per_second": 1044730.3094651322,
					"packets": 92,
					"omitted": false,
					"sender": true
				}
			],
			"sum": {
				"start": 7.000144,
				"end": 8.000517,
				"seconds": 1.0003730058670044,
				"bytes": 130640,
				"bits_per_second": 1044730.3094651322,
				"packets": 92,
				"omitted": false,
				"sender": true
			}
		},
		{
			"streams": [
				{
					"socket": 5,
					"start": 8.000517,
					"end": 9.000434,
					"seconds": 0.999916970729828,
					"bytes": 130640,
					"bits_per_second": 1045206.7827563512,
					"packets": 92,
					"omitted": false,
					"sender": true
				}
			],
			"sum": {
				"start": 8.000517,
				"end": 9.000434,
				"seconds": 0.999916970729828,
				"bytes": 130640,
				"bits_per_second": 1045206.7827563512,
				"packets": 92,
				"omitted": false,
				"sender": true
			}
		},
		{
			"streams": [
				{
					"socket": 5,
					"start": 9.000434,
					"end": 10.000598,
					"seconds": 1.0001640319824219,
					"bytes": 130640,
					"bits_per_second": 1044948.5950104315,
					"packets": 92,
					"omitted": false,
					"sender": true
				}
			],
			"sum": {
				"start": 9.000434,
				"end": 10.000598,
				"seconds": 1.0001640319824219,
				"bytes": 130640,
				"bits_per_second": 1044948.5950104315,
				"packets": 92,
				"omitted": false,
				"sender": true
			}
		}
	],
	"end": {
		"streams": [
			{
				"udp": {
					"socket": 5,
					"start": 0,
					"end": 10.000598,
					"seconds": 10.000598,
					"bytes": 1310660,
					"bits_per_second": 1048465.3017749538,
					"jitter_ms": 0.36642290942102529,
					"lost_packets": 0,
					"packets": 923,
					"lost_percent": 0,
					"out_of_order": 0,
					"sender": true
				}
			}
		],
		"sum": {
			"start": 0,
			"end": 10.009339,
			"seconds": 10.009339,
			"bytes": 1310660,
			"bits_per_second": 1048465.3017749538,
			"jitter_ms": 0.36642290942102529,
			"lost_packets": 0,
			"packets": 923,
			"lost_percent": 0,
			"sender": true
		},
		"sum_sent": {
			"start": 0,
			"end": 10.000598,
			"seconds": 10.000598,
			"bytes": 1310660,
			"bits_per_second": 1048465.3017749538,
			"jitter_ms": 0,
			"lost_packets": 0,
			"packets": 923,
			"lost_percent": 0,
			"sender": true
		},
		"sum_received": {
			"start": 0,
			"end": 10.009339,
			"seconds": 10.009339,
			"bytes": 1310660,
			"bits_per_second": 1047549.6933413884,
			"jitter_ms": 0.36642290942102529,
			"lost_packets": 0,
			"packets": 923,
			"lost_percent": 0,
			"sender": false
		},
		"cpu_utilization_percent": {
			"host_total": 1.2757808339256642,
			"host_user": 0.38129553062018373,
			"host_system": 0.89446539023202,
			"remote_total": 0.23387994236223139,
			"remote_user": 0.02462682861695431,
			"remote_system": 0.20924312314543245
		}
	}
}
