{
	"start": {
		"connected": [
			{
				"socket": 5,
				"local_host": "10.20.0.1",
				"local_port": 48376,
				"remote_host": "10.20.0.2",
				"remote_port": 5201
			}
		],
		"version": "iperf 3.11",
		"system_info": "Linux fedora 6.0.7-301.fc37.x86_64 #1 SMP PREEMPT_DYNAMIC Fri Nov 4 18:35:48 UTC 2022 x86_64",
		"timestamp": {
			"time": "Sun, 04 Jun 2023 15:57:10 GMT",
			"timesecs": 1685894230
		},
		"connecting_to": {
			"host": "10.20.0.2",
			"port": 5201
		},
		"cookie": "o6q2tntdro5h2pwv2pfhwiwtpg7ugql5wdcp",
		"tcp_mss_default": 1420,
		"target_bitrate": 0,
		"sock_bufsize": 0,
		"sndbuf_actual": 16384,
		"rcvbuf_actual": 131072,
		"test_start": {
			"protocol": "TCP",
			"num_streams": 1,
			"blksize": 131072,
			"omit": 0,
			"duration": 10,
			"bytes": 0,
			"blocks": 0,
			"reverse": 0,
			"tos": 0,
			"target_bitrate": 0
		}
	},
	"intervals": [
		{
			"streams": [
				{
					"socket": 5,
					"start": 0,
					"end": 1.000288,
					"seconds": 1.0002880096435547,
					"bytes": 1519400,
					"bits_per_second": 12151700.193158785,
					"retransmits": 0,
					"snd_cwnd": 88040,
					"snd_wnd": 244224,
					"rtt": 76400,
					"rttvar": 4349,
					"pmtu": 1472,
					"omitted": false,
					"sender": true
				}
			],
			"sum": {
				"start": 0,
				"end": 1.000288,
				"seconds": 1.0002880096435547,
				"bytes": 1519400,
				"bits_per_second": 12151700.193158785,
				"retransmits": 0,
				"omitted": false,
				"sender": true
			}
		},
		{
			"streams": [
				{
					"socket": 5,
					"start": 1.000288,
					"end": 2.000066,
					"seconds": 0.99977797269821167,
					"bytes": 1597500,
					"bits_per_second": 12782838.139061213,
					"retransmits": 0,
					"snd_cwnd": 146260,
					"snd_wnd": 331520,
					"rtt": 121520,
					"rttvar": 2121,
					"pmtu": 1472,
					"omitted": false,
					"sender": true
				}
			],
			"sum": {
				"start": 1.000288,
				"end": 2.000066,
				"seconds": 0.99977797269821167,
				"bytes": 1597500,
				"bits_per_second": 12782838.139061213,
				"retransmits": 0,
				"omitted": false,
				"sender": true
			}
		},
		{
			"streams": [
				{
					"socket": 5,
					"start": 2.000066,
					"end": 3.000357,
					"seconds": 1.0002909898757935,
					"bytes": 1214100,
					"bits_per_second": 9709974.49572753,
					"retransmits": 0,
					"snd_cwnd": 203060,
					"snd_wnd": 467456,
					"rtt": 171552,
					"rttvar": 2778,
					"pmtu": 1472,
					"omitted": false,
					"sender": true
				}
			],
			"sum": {
				"start": 2.000066,
				"end": 3.000357,
				"seconds": 1.0002909898757935,
				"bytes": 1214100,
				"bits_per_second": 9709974.49572753,
				"retransmits": 0,
				"omitted": false,
				"sender": true
			}
		},
		{
			"streams": [
				{
					"socket": 5,
					"start": 3.000357,
					"end": 4.000044,
					"seconds": 0.99968701601028442,
					"bytes": 1533600,
					"bits_per_second": 12272641.140188403,
					"retransmits": 0,
					"snd_cwnd": 261280,
					"snd_wnd": 562048,
					"rtt": 205978,
					"rttvar": 8361,
					"pmtu": 1472,
					"omitted": false,
					"sender": true
				}
			],
			"sum": {
				"start": 3.000357,
				"end": 4.000044,
				"seconds": 0.99968701601028442,
				"bytes": 1533600,
				"bits_per_second": 12272641.140188403,
				"retransmits": 0,
				"omitted": false,
				"sender": true
			}
		},
		{
			"streams": [
				{
					"socket": 5,
					"start": 4.000044,
					"end": 5.000417,
					"seconds": 1.0003730058670044,
					"bytes": 1214100,
					"bits_per_second": 9709178.41948574,
					"retransmits": 0,
					"snd_cwnd": 316660,
					"snd_wnd": 720128,
					"rtt": 260171,
					"rttvar": 1791,
					"pmtu": 1472,
					"omitted": false,
					"sender": true
				}
			],
			"sum": {
				"start": 4.000044,
				"end": 5.000417,
				"seconds": 1.0003730058670044,
				"bytes": 1214100,
				"bits_per_second": 9709178.41948574,
				"retransmits": 0,
				"omitted": false,
				"sender": true
			}
		},
		{
			"streams": [
				{
					"socket": 5,
					"start": 5.000417,
					"end": 6.000528,
					"seconds": 1.0001109838485718,
					"bytes": 1469700,
					"bits_per_second": 11756295.241109196,
					"retransmits": 0,
					"snd_cwnd": 374880,
					"snd_wnd": 866560,
					"rtt": 312284,
					"rttvar": 5409,
					"pmtu": 1472,
					"omitted": false,
					"sender": true
				}
			],
			"sum": {
				"start": 5.000417,
				"end": 6.000528,
				"seconds": 1.0001109838485718,
				"bytes": 1469700,
				"bits_per_second": 11756295.241109196,
				"retransmits": 0,
				"omitted": false,
				"sender": true
			}
		},
		{
			"streams": [
				{
					"socket": 5,
					"start": 6.000528,
					"end": 7.000258,
					"seconds": 0.99972999095916748,
					"bytes": 1725300,
					"bits_per_second": 13806127.779319305,
					"retransmits": 0,
					"snd_cwnd": 433100,
					"snd_wnd": 916736,
					"rtt": 341042,
					"rttvar": 10495,
					"pmtu": 1472,
					"omitted": false,
					"sender": true
				}
			],
			"sum": {
				"start": 6.000528,
				"end": 7.000258,
				"seconds": 0.99972999095916748,
				"bytes": 1725300,
				"bits_per_second": 13806127.779319305,
				"retransmits": 0,
				"omitted": false,
				"sender": true
			}
		},
		{
			"streams": [
				{
					"socket": 5,
					"start": 7.000258,
					"end": 8.000458,
					"seconds": 1.0002000331878662,
					"bytes": 958500,
					"bits_per_second": 7666466.4522758815,
					"retransmits": 0,
					"snd_cwnd": 484220,
					"snd_wnd": 1063040,
					"rtt": 419007,
					"rttvar": 2978,
					"pmtu": 1472,
					"omitted": false,
					"sender": true
				}
			],
			"sum": {
				"start": 7.000258,
				"end": 8.000458,
				"seconds": 1.0002000331878662,
				"bytes": 958500,
				"bits_per_second": 7666466.4522758815,
				"retransmits": 0,
				"omitted": false,
				"sender": true
			}
		},
		{
			"streams": [
				{
					"socket": 5,
					"start": 8.000458,
					"end": 9.000903,
					"seconds": 1.0004450082778931,
					"bytes": 1022400,
					"bits_per_second": 8175561.8073193161,
					"retransmits": 0,
					"snd_cwnd": 536760,
					"snd_wnd": 1184256,
					"rtt": 435470,
					"rttvar": 7927,
					"pmtu": 1472,
					"omitted": false,
					"sender": true
				}
			],
			"sum": {
				"start": 8.000458,
				"end": 9.000903,
				"seconds": 1.0004450082778931,
				"bytes": 1022400,
				"bits_per_second": 8175561.8073193161,
				"retransmits": 0,
				"omitted": false,
				"sender": true
			}
		},
		{
			"streams": [
				{
					"socket": 5,
					"start": 9.000903,
					"end": 10.000328,
					"seconds": 0.99942499399185181,
					"bytes": 2364300,
					"bits_per_second": 18925282.150942691,
					"retransmits": 0,
					"snd_cwnd": 602080,
					"snd_wnd": 1283328,
					"rtt": 441636,
					"rttvar": 5121,
					"pmtu": 1472,
					"omitted": false,
					"sender": true
				}
			],
			"sum": {
				"start": 9.000903,
				"end": 10.000328,
				"seconds": 0.99942499399185181,
				"bytes": 2364300,
				"bits_per_second": 18925282.150942691,
				"retransmits": 0,
				"omitted": false,
				"sender": true
			}
		}
	],
	"end": {
		"streams": [
			{
				"sender": {
					"socket": 5,
					"start": 0,
					"end": 10.000328,
					"seconds": 10.000328,
					"bytes": 14618900,
					"bits_per_second": 11694736.412645666,
					"retransmits": 0,
					"max_snd_cwnd": 602080,
					"max_snd_wnd": 1283328,
					"max_rtt": 441636,
					"min_rtt": 76400,
					"mean_rtt": 278506,
					"sender": true
				},
				"receiver": {
					"socket": 5,
					"start": 0,
					"end": 10.457936,
					"seconds": 10.000328,
					"bytes": 11980540,
					"bits_per_second": 9164745.31877036,
					"sender": true
				}
			}
		],
		"sum_sent": {
			"start": 0,
			"end": 10.000328,
			"seconds": 10.000328,
			"bytes": 14618900,
			"bits_per_second": 11694736.412645666,
			"retransmits": 0,
			"sender": true
		},
		"sum_received": {
			"start": 0,
			"end": 10.457936,
			"seconds": 10.457936,
			"bytes": 11980540,
			"bits_per_second": 9164745.31877036,
			"sender": true
		},
		"cpu_utilization_percent": {
			"host_total": 0.099398053530457,
			"host_user": 0,