{
	"start": {
		"connected": [
			{
				"socket": 5,
				"local_host": "192.168.56.105",
				"local_port": 33654,
				"remote_host": "192.168.56.106",
				"remote_port": 5201
			}
		],
		"version": "iperf 3.11",
		"system_info": "Linux fedora 6.0.7-301.fc37.x86_64 #1 SMP PREEMPT_DYNAMIC Fri Nov 4 18:35:48 UTC 2022 x86_64",
		"timestamp": {
			"time": "Sun, 04 Jun 2023 15:53:25 GMT",
			"timesecs": 1685894005
		},
		"connecting_to": {
			"host": "192.168.56.106",
			"port": 5201
		},
		"cookie": "v3vwrjm5kxw6bmwlgmt67u5rv52mloxvjtxt",
		"tcp_mss_default": 1448,
		"target_bitrate": 0,
		"sock_bufsize": 0,
		"sndbuf_actual": 16384,
		"rcvbuf_actual": 131072,
		"test_start": {
			"protocol": "TCP",
			"num_streams": 1,
			"blksize": 131072,
			"omit": 0,
			"duration": 10,
			"bytes": 0,
			"blocks": 0,
			"reverse": 0,
			"tos": 0,
			"target_bitrate": 0
		}
	},
	"intervals": [
		{
			"streams": [
				{
					"socket": 5,
					"start": 0,
					"end": 1.000154,
					"seconds": 1.0001540184020996,
					"bytes": 216920536,
					"bits_per_second": 1735097051.1246979,
					"retransmits": 506,
					"snd_cwnd": 230232,
					"snd_wnd": 3145728,
					"rtt": 785,
					"rttvar": 142,
					"pmtu": 1500,
					"omitted": false,
					"sender": true
				}
			],
			"sum": {
				"start": 0,
				"end": 1.000154,
				"seconds": 1.0001540184020996,
				"bytes": 216920536,
				"bits_per_second": 1735097051.1246979,
				"retransmits": 506,
				"omitted": false,
				"sender": true
			}
		},
		{
			"streams": [
				{
					"socket": 5,
					"start": 1.000154,
					"end": 2.000036,
					"seconds": 0.99988198280334473,
					"bytes": 217504080,
					"bits_per_second": 1740238018.0123987,
					"retransmits": 513,
					"snd_cwnd": 165072,
					"snd_wnd": 3145728,
					"rtt": 670,
					"rttvar": 77,
					"pmtu": 1500,
					"omitted": false,
					"sender": true
				}
			],
			"sum": {
				"start": 1.000154,
				"end": 2.000036,
				"seconds": 0.99988198280334473,
				"bytes": 217504080,
				"bits_per_second": 1740238018.0123987,
				"retransmits": 513,
				"omitted": false,
				"sender": true
			}
		},
		{
			"streams": [
				{
					"socket": 5,
					"start": 2.000036,
					"end": 3.000113,
					"seconds": 1.00007700920105,
					"bytes": 216787320,
					"bits_per_second": 1734165013.3378344,
					"retransmits": 463,
					"snd_cwnd": 220096,
					"snd_wnd": 3145728,
					"rtt": 792,
					"rttvar": 243,
					"pmtu": 1500,
					"omitted": false,
					"sender": true
				}
			],
			"sum": {
				"start": 2.000036,
				"end": 3.000113,
				"seconds": 1.00007700920105,
				"bytes": 216787320,
				"bits_per_second": 1734165013.3378344,
				"retransmits": 463,
				"omitted": false,
				"sender": true
			}
		},
		{
			"streams": [
				{
					"socket": 5,
					"start": 3.000113,
					"end": 4.000234,
					"seconds": 1.000120997428894,
					"bytes": 228646440,
					"bits_per_second": 1828950221.725596,
					"retransmits": 648,
					"snd_cwnd": 172312,
					"snd_wnd": 3145728,
					"rtt": 866,
					"rttvar": 165,
					"pmtu": 1500,
					"omitted": false,
					"sender": true
				}
			],
			"sum": {
				"start": 3.000113,
				"end": 4.000234,
				"seconds": 1.000120997428894,
				"bytes": 228646440,
				"bits_per_second": 1828950221.725596,
				"retransmits": 648,
				"omitted": false,
				"sender": true
			}
		},
		{
			"streams": [
				{
					"socket": 5,
					"start": 4.000234,
					"end": 5.000077,
					"seconds": 0.99984300136566162,
					"bytes": 217634400,
					"bits_per_second": 1741348589.350435,
					"retransmits": 428,
					"snd_cwnd": 156384,
					"snd_wnd": 3134080,
					"rtt": 441,
					"rttvar": 65,
					"pmtu": 1500,
					"omitted": false,
					"sender": true
				}
			],
			"sum": {
				"start": 4.000234,
				"end": 5.000077,
				"seconds": 0.99984300136566162,
				"bytes": 217634400,
				"bits_per_second": 1741348589.350435,
				"retransmits": 428,
				"omitted": false,
				"sender": true
			}
		},
		{
			"streams": [
				{
					"socket": 5,
					"start": 5.000077,
					"end": 6.000233,
					"seconds": 1.000156044960022,
					"bytes": 229167720,
					"bits_per_second": 1833055720.8933151,
					"retransmits": 447,
					"snd_cwnd": 163624,
					"snd_wnd": 3145728,
					"rtt": 731,
					"rttvar": 211,
					"pmtu": 1500,
					"omitted": false,
					"sender": true
				}
			],
			"sum": {
				"start": 5.000077,
				"end": 6.000233,
				"seconds": 1.000156044960022,
				"bytes": 229167720,
				"bits_per_second": 1833055720.8933151,
				"retransmits": 447,
				"omitted": false,
				"sender": true
			}
		},
		{
			"streams": [
				{
					"socket": 5,
					"start": 6.000233,
					"end": 7.000145,
					"seconds": 0.99991202354431152,
					"bytes": 218546640,
					"bits_per_second": 1748526949.2036667,
					"retransmits": 549,
					"snd_cwnd": 165072,
					"snd_wnd": 3145728,
					"rtt": 563,
					"rttvar": 73,
					"pmtu": 1500,
					"omitted": false,
					"sender": true
				}
			],
			"sum": {
				"start": 6.000233,
				"end": 7.000145,
				"seconds": 0.99991202354431152,
				"bytes": 218546640,
				"bits_per_second": 1748526949.2036667,
				"retransmits": 549,
				"omitted": false,
				"sender": true
			}
		},
		{
			"streams": [
				{
					"socket": 5,
					"start": 7.000145,
					"end": 8.000537,
					"seconds": 1.000391960144043,
					"bytes": 219393720,
					"bits_per_second": 1754462080.7900956,
					"retransmits": 436,
					"snd_cwnd": 228784,
					"snd_wnd": 3145728,
					"rtt": 1213,
					"rttvar": 449,
					"pmtu": 1500,
					"omitted": false,
					"sender": true
				}
			],
			"sum": {
				"start": 7.000145,
				"end": 8.000537,
				"seconds": 1.000391960144043,
				"bytes": 219393720,
				"bits_per_second": 1754462080.7900956,
				"retransmits": 436,
				"omitted": false,
				"sender": true
			}
		},
		{
			"streams": [
				{
					"socket": 5,
					"start": 8.000537,
					"end": 9.000558,
					"seconds": 1.0000209808349609,
					"bytes": 222325920,
					"bits_per_second": 1778570044.115438,
					"retransmits": 540,
					"snd_cwnd": 212856,
					"snd_wnd": 3145728,
					"rtt": 887,
					"rttvar": 167,
					"pmtu": 1500,
					"omitted": false,
					"sender": true
				}
			],
			"sum": {
				"start": 8.000537,
				"end": 9.000558,
				"seconds": 1.0000209808349609,
				"bytes": 222325920,
				"bits_per_second": 1778570044.115438,
				"retransmits": 540,
				"omitted": false,
				"sender": true
			}
		},
		{
			"streams": [
				{
					"socket": 5,
					"start": 9.000558,
					"end": 10.000589,
					"seconds": 1.0000309944152832,
					"bytes": 220631760,
					"bits_per_second": 1764999374.8764005,
					"retransmits": 461,
					"snd_cwnd": 214304,
					"snd_wnd": 3145728,
					"rtt": 879,
					"rttvar": 175,
					"pmtu": 1500,
					"omitted": false,
					"sender": true
				}
			],
			"sum": {
				"start": 9.000558,
				"end": 10.000589,
				"seconds": 1.0000309944152832,
				"bytes": 220631760,
				"bits_per_second": 1764999374.8764005,
				"retransmits": 461,
				"omitted": false,
				"sender": true
			}
		}
	],
	"end": {
		"streams": [
			{
				"sender": {
					"socket": 5,
					"start": 0,
					"end": 10.000589,
					"seconds": 10.000589,
					"bytes": 2207558536,
					"bits_per_second": 1765942814.76821,
					"retransmits": 4991,
					"max_snd_cwnd": 230232,
					"max_snd_wnd": 3145728,
					"max_rtt": 1213,
					"min_rtt": 441,
					"mean_rtt": 782,
					"sender": true
				},
				"receiver": {
					"socket": 5,
					"start": 0,
					"end": 10.001834,
					"seconds": 10.000589,
					"bytes": 2206206104,
					"bits_per_second": 1764641247.9951177,
					"sender": true
				}
			}
		],
		"sum_sent": {
			"start": 0,
			"end": 10.000589,
			"seconds": 10.000589,
			"bytes": 2207558536,
			"bits_per_second": 1765942814.76821,
			"retransmits": 4991,
			"sender": true
		},
		"sum_received": {
			"start": 0,
			"end": 10.001834,
			"seconds": 10.001834,
			"bytes": 2206206104,
			"bits_per_second": 1764641247.9951177,
			"sender": true
		},