{
	"start": {
		"connected": [
			{
				"socket": 5,
				"local_host": "10.20.0.1",
				"local_port": 51192,
				"remote_host": "10.20.0.2",
				"remote_port": 5201
			}
		],
		"version": "iperf 3.11",
		"system_info": "Linux fedora 6.0.7-301.fc37.x86_64 #1 SMP PREEMPT_DYNAMIC Fri Nov 4 18:35:48 UTC 2022 x86_64",
		"timestamp": {
			"time": "Sun, 04 Jun 2023 15:59:12 GMT",
			"timesecs": 1685894352
		},
		"connecting_to": {
			"host": "10.20.0.2",
			"port": 5201
		},
		"cookie": "3sfxtqvfebo36oqerflqhnzkabpae5tbypdw",
		"tcp_mss_default": 1420,
		"target_bitrate": 0,
		"sock_bufsize": 0,
		"sndbuf_actual": 16384,
		"rcvbuf_actual": 131072,
		"test_start": {
			"protocol": "TCP",
			"num_streams": 1,
			"blksize": 131072,
			"omit": 0,
			"duration": 10,
			"bytes": 0,
			"blocks": 0,
			"reverse": 0,
			"tos": 0,
			"target_bitrate": 0
		}
	},
	"intervals": [
		{
			"streams": [
				{
					"socket": 5,
					"start": 0,
					"end": 1.000056,
					"seconds": 1.0000560283660889,
					"bytes": 816500,
					"bits_per_second": 6531634.0432166681,
					"retransmits": 0,
					"snd_cwnd": 59640,
					"snd_wnd": 194048,
					"rtt": 98302,
					"rttvar": 4075,
					"pmtu": 1472,
					"omitted": false,
					"sender": true
				}
			],
			"sum": {
				"start": 0,
				"end": 1.000056,
				"seconds": 1.0000560283660889,
				"bytes": 816500,
				"bits_per_second": 6531634.0432166681,
				"retransmits": 0,
				"omitted": false,
				"sender": true
			}
		},
		{
			"streams": [
				{
					"socket": 5,
					"start": 1.000056,
					"end": 2.000311,
					"seconds": 1.0002549886703491,
					"bytes": 702900,
					"bits_per_second": 5621766.5132317776,
					"retransmits": 0,
					"snd_cwnd": 86620,
					"snd_wnd": 208768,
					"rtt": 142116,
					"rttvar": 2076,
					"pmtu": 1472,
					"omitted": false,
					"sender": true
				}
			],
			"sum": {
				"start": 1.000056,
				"end": 2.000311,
				"seconds": 1.0002549886703491,
				"bytes": 702900,
				"bits_per_second": 5621766.5132317776,
				"retransmits": 0,
				"omitted": false,
				"sender": true
			}
		},
		{
			"streams": [
				{
					"socket": 5,
					"start": 2.000311,
					"end": 3.000451,
					"seconds": 1.0001399517059326,
					"bytes": 702900,
					"bits_per_second": 5622413.133690482,
					"retransmits": 0,
					"snd_cwnd": 115020,
					"snd_wnd": 260480,
					"rtt": 188979,
					"rttvar": 1962,
					"pmtu": 1472,
					"omitted": false,
					"sender": true
				}
			],
			"sum": {
				"start": 2.000311,
				"end": 3.000451,
				"seconds": 1.0001399517059326,
				"bytes": 702900,
				"bits_per_second": 5622413.133690482,
				"retransmits": 0,
				"omitted": false,
				"sender": true
			}
		},
		{
			"streams": [
				{
					"socket": 5,
					"start": 3.000451,
					"end": 4.000413,
					"seconds": 0.9999619722366333,
					"bytes": 575100,
					"bits_per_second": 4600974.9647872169,
					"retransmits": 0,
					"snd_cwnd": 142000,
					"snd_wnd": 331520,
					"rtt": 245713,
					"rttvar": 2378,
					"pmtu": 1472,
					"omitted": false,
					"sender": true
				}
			],
			"sum": {
				"start": 3.000451,
				"end": 4.000413,
				"seconds": 0.9999619722366333,
				"bytes": 575100,
				"bits_per_second": 4600974.9647872169,
				"retransmits": 0,
				"omitted": false,
				"sender": true
			}
		},
		{
			"streams": [
				{
					"socket": 5,
					"start": 4.000413,
					"end": 5.0005,
					"seconds": 1.0000870227813721,
					"bytes": 702900,
					"bits_per_second": 5622710.6960763773,
					"retransmits": 0,
					"snd_cwnd": 170400,
					"snd_wnd": 380288,
					"rtt": 283355,
					"rttvar": 2752,
					"pmtu": 1472,
					"omitted": false,
					"sender": true
				}
			],
			"sum": {
				"start": 4.000413,
				"end": 5.0005,
				"seconds": 1.0000870227813721,
				"bytes": 702900,
				"bits_per_second": 5622710.6960763773,
				"retransmits": 0,
				"omitted": false,
				"sender": true
			}
		},
		{
			"streams": [
				{
					"socket": 5,
					"start": 5.0005,
					"end": 6.000256,
					"seconds": 0.99975597858428955,
					"bytes": 830700,
					"bits_per_second": 6647222.06453873,
					"retransmits": 0,
					"snd_cwnd": 197380,
					"snd_wnd": 436352,
					"rtt": 339237,
					"rttvar": 3509,
					"pmtu": 1472,
					"omitted": false,
					"sender": true
				}
			],
			"sum": {
				"start": 5.0005,
				"end": 6.000256,
				"seconds": 0.99975597858428955,
				"bytes": 830700,
				"bits_per_second": 6647222.06453873,
				"retransmits": 0,
				"omitted": false,
				"sender": true
			}
		},
		{
			"streams": [
				{
					"socket": 5,
					"start": 6.000256,
					"end": 7.000657,
					"seconds": 1.0004010200500488,
					"bytes": 447300,
					"bits_per_second": 3576965.5650900644,
					"retransmits": 0,
					"snd_cwnd": 225780,
					"snd_wnd": 495488,
					"rtt": 376147,
					"rttvar": 2937,
					"pmtu": 1472,
					"omitted": false,
					"sender": true
				}
			],
			"sum": {
				"start": 6.000256,
				"end": 7.000657,
				"seconds": 1.0004010200500488,
				"bytes": 447300,
				"bits_per_second": 3576965.5650900644,
				"retransmits": 0,
				"omitted": false,
				"sender": true
			}
		},
		{
			"streams": [
				{
					"socket": 5,
					"start": 7.000657,
					"end": 8.000265,
					"seconds": 0.99960798025131226,
					"bytes": 1086300,
					"bits_per_second": 8693808.14448394,
					"retransmits": 0,
					"snd_cwnd": 279740,
					"snd_wnd": 569472,
					"rtt": 450781,
					"rttvar": 6480,
					"pmtu": 1472,
					"omitted": false,
					"sender": true
				}
			],
			"sum": {
				"start": 7.000657,
				"end": 8.000265,
				"seconds": 0.99960798025131226,
				"bytes": 1086300,
				"bits_per_second": 8693808.14448394,
				"retransmits": 0,
				"omitted": false,
				"sender": true
			}
		},
		{
			"streams": [
				{
					"socket": 5,
					"start": 8.000265,
					"end": 9.000304,
					"seconds": 1.0000389814376831,
					"bytes": 702900,
					"bits_per_second": 5622980.8081240347,
					"retransmits": 0,
					"snd_cwnd": 370620,
					"snd_wnd": 802944,
					"rtt": 598233,
					"rttvar": 9011,
					"pmtu": 1472,
					"omitted": false,
					"sender": true
				}
			],
			"sum": {
				"start": 8.000265,
				"end": 9.000304,
				"seconds": 1.0000389814376831,
				"bytes": 702900,
				"bits_per_second": 5622980.8081240347,
				"retransmits": 0,
				"omitted": false,
				"sender": true
			}
		},
		{
			"streams": [
				{
					"socket": 5,
					"start": 9.000304,
					"end": 10.000344,
					"seconds": 1.0000400543212891,
					"bytes": 830700,
					"bits_per_second": 6645333.8256638739,
					"retransmits": 0,
					"snd_cwnd": 492740,
					"snd_wnd": 928512,
					"rtt": 738709,
					"rttvar": 4604,
					"pmtu": 1472,
					"omitted": false,
					"sender": true
				}
			],
			"sum": {
				"start": 9.000304,
				"end": 10.000344,
				"seconds": 1.0000400543212891,
				"bytes": 830700,
				"bits_per_second": 6645333.8256638739,
				"retransmits": 0,
				"omitted": false,
				"sender": true
			}
		}
	],
	"end": {
		"streams": [
			{
				"sender": {
					"socket": 5,
					"start": 0,
					"end": 10.000344,
					"seconds": 10.000344,
					"bytes": 7398200,
					"bits_per_second": 5918356.4085395457,
					"retransmits": 0,
					"max_snd_cwnd": 492740,
					"max_snd_wnd": 928512,
					"max_rtt": 738709,
					"min_rtt": 98302,
					"mean_rtt": 346157,
					"sender": true
				},
				"receiver": {
					"socket": 5,
					"start": 0,
					"end": 10.99458,
					"seconds": 10.000344,
					"bytes": 5968260,
					"bits_per_second": 4342692.490299766,
					"sender": true
				}
			}
		],
		"sum_sent": {
			"start": 0,
			"end": 10.000344,
			"seconds": 10.000344,
			"bytes": 7398200,
			"bits_per_second": 5918356.4085395457,
			"retransmits": 0,
			"sender": true
		},
		"sum_received": {
			"start": 0,
			"end": 10.99458,
			"seconds": 10.99458,
			"bytes": 5968260,
			"bits_per_second": 4342692.490299766,
			"sender": true
		},
		"cpu_utilization_percent": {
			"host_total": 0.135623662617982,
			"host_user": 0.0504018298085926,
			"host_system": 0.085221832809389428,