{
	"start": {
		"connected": [
			{
				"socket": 5,
				"local_host": "10.20.0.1",
				"local_port": 35856,
				"remote_host": "10.20.0.2",
				"remote_port": 5201
			}
		],
		"version": "iperf 3.11",
		"system_info": "Linux fedora 6.0.7-301.fc37.x86_64 #1 SMP PREEMPT_DYNAMIC Fri Nov 4 18:35:48 UTC 2022 x86_64",
		"timestamp": {
			"time": "Sun, 04 Jun 2023 16:01:36 GMT",
			"timesecs": 1685894496
		},
		"connecting_to": {
			"host": "10.20.0.2",
			"port": 5201
		},
		"cookie": "eckxwpfmang4ejucrg3s6tmsa2buqqtmcea5",
		"tcp_mss_default": 1420,
		"target_bitrate": 0,
		"sock_bufsize": 0,
		"sndbuf_actual": 16384,
		"rcvbuf_actual": 131072,
		"test_start": {
			"protocol": "TCP",
			"num_streams": 1,
			"blksize": 131072,
			"omit": 0,
			"duration": 10,
			"bytes": 0,
			"blocks": 0,
			"reverse": 0,
			"tos": 0,
			"target_bitrate": 0
		}
	},
	"intervals": [
		{
			"streams": [
				{
					"socket": 5,
					"start": 0,
					"end": 1.000373,
					"seconds": 1.0003730058670044,
					"bytes": 688700,
					"bits_per_second": 5507545.6531585772,
					"retransmits": 0,
					"snd_cwnd": 52540,
					"snd_wnd": 188032,
					"rtt": 113534,
					"rttvar": 5451,
					"pmtu": 1472,
					"omitted": false,
					"sender": true
				}
			],
			"sum": {
				"start": 0,
				"end": 1.000373,
				"seconds": 1.0003730058670044,
				"bytes": 688700,
				"bits_per_second": 5507545.6531585772,
				"retransmits": 0,
				"omitted": false,
				"sender": true
			}
		},
		{
			"streams": [
				{
					"socket": 5,
					"start": 1.000373,
					"end": 2.000323,
					"seconds": 0.99994999170303345,
					"bytes": 447300,
					"bits_per_second": 3578578.9586392818,
					"retransmits": 0,
					"snd_cwnd": 72420,
					"snd_wnd": 211712,
					"rtt": 164227,
					"rttvar": 10371,
					"pmtu": 1472,
					"omitted": false,
					"sender": true
				}
			],
			"sum": {
				"start": 1.000373,
				"end": 2.000323,
				"seconds": 0.99994999170303345,
				"bytes": 447300,
				"bits_per_second": 3578578.9586392818,
				"retransmits": 0,
				"omitted": false,
				"sender": true
			}
		},
		{
			"streams": [
				{
					"socket": 5,
					"start": 2.000323,
					"end": 3.000414,
					"seconds": 1.0000909566879272,
					"bytes": 575100,
					"bits_per_second": 4600381.56452969,
					"retransmits": 0,
					"snd_cwnd": 93720,
					"snd_wnd": 240896,
					"rtt": 207461,
					"rttvar": 2316,
					"pmtu": 1472,
					"omitted": false,
					"sender": true
				}
			],
			"sum": {
				"start": 2.000323,
				"end": 3.000414,
				"seconds": 1.0000909566879272,
				"bytes": 575100,
				"bits_per_second": 4600381.56452969,
				"retransmits": 0,
				"omitted": false,
				"sender": true
			}
		},
		{
			"streams": [
				{
					"socket": 5,
					"start": 3.000414,
					"end": 4.000187,
					"seconds": 0.99977302551269531,
					"bytes": 511200,
					"bits_per_second": 4090528.4455967448,
					"retransmits": 0,
					"snd_cwnd": 113600,
					"snd_wnd": 288640,
					"rtt": 269978,
					"rttvar": 4425,
					"pmtu": 1472,
					"omitted": false,
					"sender": true
				}
			],
			"sum": {
				"start": 3.000414,
				"end": 4.000187,
				"seconds": 0.99977302551269531,
				"bytes": 511200,
				"bits_per_second": 4090528.4455967448,
				"retransmits": 0,
				"omitted": false,
				"sender": true
			}
		},
		{
			"streams": [
				{
					"socket": 5,
					"start": 4.000187,
					"end": 5.000686,
					"seconds": 1.0004990100860596,
					"bytes": 575100,
					"bits_per_second": 4598505.2994747637,
					"retransmits": 0,
					"snd_cwnd": 134900,
					"snd_wnd": 306304,
					"rtt": 297839,
					"rttvar": 2404,
					"pmtu": 1472,
					"omitted": false,
					"sender": true
				}
			],
			"sum": {
				"start": 4.000187,
				"end": 5.000686,
				"seconds": 1.0004990100860596,
				"bytes": 575100,
				"bits_per_second": 4598505.2994747637,
				"retransmits": 0,
				"omitted": false,
				"sender": true
			}
		},
		{
			"streams": [
				{
					"socket": 5,
					"start": 5.000686,
					"end": 6.000483,
					"seconds": 0.999796986579895,
					"bytes": 319500,
					"bits_per_second": 2556519.00766731,
					"retransmits": 0,
					"snd_cwnd": 154780,
					"snd_wnd": 355072,
					"rtt": 368743,
					"rttvar": 7446,
					"pmtu": 1472,
					"omitted": false,
					"sender": true
				}
			],
			"sum": {
				"start": 5.000686,
				"end": 6.000483,
				"seconds": 0.999796986579895,
				"bytes": 319500,
				"bits_per_second": 2556519.00766731,
				"retransmits": 0,
				"omitted": false,
				"sender": true
			}
		},
		{
			"streams": [
				{
					"socket": 5,
					"start": 6.000483,
					"end": 7.000393,
					"seconds": 0.999909996986389,
					"bytes": 766800,
					"bits_per_second": 6134952.1641831351,
					"retransmits": 0,
					"snd_cwnd": 195960,
					"snd_wnd": 408320,
					"rtt": 415906,
					"rttvar": 3668,
					"pmtu": 1472,
					"omitted": false,
					"sender": true
				}
			],
			"sum": {
				"start": 6.000483,
				"end": 7.000393,
				"seconds": 0.999909996986389,
				"bytes": 766800,
				"bits_per_second": 6134952.1641831351,
				"retransmits": 0,
				"omitted": false,
				"sender": true
			}
		},
		{
			"streams": [
				{
					"socket": 5,
					"start": 7.000393,
					"end": 8.000495,
					"seconds": 1.0001020431518555,
					"bytes": 511200,
					"bits_per_second": 4089182.7269060337,
					"retransmits": 0,
					"snd_cwnd": 265540,
					"snd_wnd": 607488,
					"rtt": 544569,
					"rttvar": 9030,
					"pmtu": 1472,
					"omitted": false,
					"sender": true
				}
			],
			"sum": {
				"start": 7.000393,
				"end": 8.000495,
				"seconds": 1.0001020431518555,
				"bytes": 511200,
				"bits_per_second": 4089182.7269060337,
				"retransmits": 0,
				"omitted": false,
				"sender": true
			}
		},
		{
			"streams": [
				{
					"socket": 5,
					"start": 8.000495,
					"end": 9.00054,
					"seconds": 1.0000449419021606,
					"bytes": 639000,
					"bits_per_second": 5111770.2673207782,
					"retransmits": 0,
					"snd_cwnd": 359260,
					"snd_wnd": 727552,
					"rtt": 725082,
					"rttvar": 7202,
					"pmtu": 1472,
					"omitted": false,
					"sender": true
				}
			],
			"sum": {
				"start": 8.000495,
				"end": 9.00054,
				"seconds": 1.0000449419021606,
				"bytes": 639000,
				"bits_per_second": 5111770.2673207782,
				"retransmits": 0,
				"omitted": false,
				"sender": true
			}
		},
		{
			"streams": [
				{
					"socket": 5,
					"start": 9.00054,
					"end": 10.000999,
					"seconds": 1.0004589557647705,
					"bytes": 766800,
					"bits_per_second": 6131585.8733162563,
					"retransmits": 0,
					"snd_cwnd": 471440,
					"snd_wnd": 900480,
					"rtt": 908350,
					"rttvar": 8142,
					"pmtu": 1472,
					"omitted": false,
					"sender": true
				}
			],
			"sum": {
				"start": 9.00054,
				"end": 10.000999,
				"seconds": 1.0004589557647705,
				"bytes": 766800,
				"bits_per_second": 6131585.8733162563,
				"retransmits": 0,
				"omitted": false,
				"sender": true
			}
		}
	],
	"end": {
		"streams": [
			{
				"sender": {
					"socket": 5,
					"start": 0,
					"end": 10.000999,
					"seconds": 10.000999,
					"bytes": 5800700,
					"bits_per_second": 4640096.4543642085,
					"retransmits": 0,
					"max_snd_cwnd": 471440,
					"max_snd_wnd": 900480,
					"max_rtt": 908350,
					"min_rtt": 113534,
					"mean_rtt": 401568,
					"sender": true
				},
				"receiver": {
					"socket": 5,
					"start": 0,
					"end": 11.260127,
					"seconds": 10.000999,
					"bytes": 4542580,
					"bits_per_second": 3227373.90084499,
					"sender": true
				}
			}
		],
		"sum_sent": {
			"start": 0,
			"end": 10.000999,
			"seconds": 10.000999,
			"bytes": 5800700,
			"bits_per_second": 4640096.4543642085,
			"retransmits": 0,
			"sender": true
		},
		"sum_received": {
			"start": 0,
			"end": 11.260127,
			"seconds": 11.260127,
			"bytes": 4542580,
			"bits_per_second": 3227373.90084499,
			"sender": true
		},
		"cpu_utilization_percent": {
			"host_total": 0.18136829126631129,
			"host_user": 0.01820946798800404,
			"host_system": 0.16314887274935205,